{
"lengthUnit": "mil",
"components": {
	"fields": ["COMPONENT_NO", "COMPONENT_NAME", "LAYER", "X_COORDINATE", "Y_COORDINATE", "ANGLE"],
	"rows": [
		[1, "C1", "T", 2755, 3125, 90],
		[2, "C2", "T", 2945, 3125, 270],
		[3, "C3", "T", 3365, 3125, 270],
		[4, "C4", "T", 3875, 3125.61, 90],
		[5, "LED1", "T", 2890, 5960, 270],
		[6, "LED2", "T", 3540, 5960, 270],
		[7, "LED3", "T", 4236, 5960, 270],
		[8, "P1", "T", 3680, 4460, 0],
		[9, "P2", "T", 2900, 5121.02, 180],
		[10, "P3", "T", 2110, 5922, 270],
		[11, "Q1", "T", 3050, 5710.63, 270],
		[12, "Q2", "T", 2892.5, 5710.63, 270],
		[13, "Q3", "T", 2735, 5710.63, 270],
		[14, "Q4", "T", 3375, 5710.63, 270],
		[15, "Q5", "T", 3540, 5710, 270],
		[16, "Q6", "T", 3710, 5710, 270],
		[17, "Q7", "T", 4075, 5710, 270],
		[18, "Q8", "T", 4240, 5710, 270],
		[19, "Q9", "T", 4410, 5710, 270],
		[20, "Q11", "T", 2520.63, 3117.6, 0],
		[21, "R1", "T", 3049.66, 5600, 0],
		[22, "R2", "T", 2890, 5600, 0],
		[23, "R3", "T", 2735, 5600, 0],
		[24, "R4", "T", 3710, 5600, 0],
		[25, "R5", "T", 3540, 5600, 0],
		[26, "R6", "T", 3374.66, 5600, 0],
		[27, "R7", "T", 4410, 5600, 0],
		[28, "R8", "T", 4241.5, 5600, 0],
		[29, "R9", "T", 4073, 5600, 0],
		[30, "SW1", "T", 2280, 3125, 0],
		[31, "U1", "T", 2411, 5827, 90],
		[32, "U2", "T", 3610, 3130, 180]
	]
},
"pins": {
	"fields": ["PIN_NO", "PIN_NAME", "PIN_X", "PIN_Y", "LAYER", "PIN_TYPE", "NET_NAME", "NET_TYPE", "PAD_SHAPE", "PAD_SIZEX", "PAD_SIZEY", "HOLE_SIZE", "PAD_ANGLE"],
	"rows": [
		[1, "C1_1", 2755, 3075, "T", "DIP", "VBAT", "", "C", 62.99, 62.99, 39.37, 90],
		[2, "C1_1", 2755, 3075, "B", "DIP", "VBAT", "", "C", 62.99, 62.99, 39.37, 90],
		[3, "C1_2", 2755, 3175, "T", "DIP", "GND", "GND", "C", 62.99, 62.99, 39.37, 90],
		[4, "C1_2", 2755, 3175, "B", "DIP", "GND", "GND", "C", 62.99, 62.99, 39.37, 90],
		[5, "C2_1", 2945, 3152.55, "T", "SMD", "GND", "GND", "R", 31.5, 35.43, 0, 270],
		[6, "C2_2", 2945, 3097.44, "T", "SMD", "VBAT", "", "R", 31.5, 35.43, 0, 270],
		[7, "C3_1", 3365, 3152.55, "T", "SMD", "GND", "GND", "R", 31.5, 35.43, 0, 270],
		[8, "C3_2", 3365, 3097.44, "T", "SMD", "VBAT", "", "R", 31.5, 35.43, 0, 270],
		[9, "C4_1", 3875, 3098.06, "T", "SMD", "GND", "GND", "R", 31.5, 35.43, 0, 90],
		[10, "C4_2", 3875, 3153.17, "T", "SMD", "+5V", "", "R", 31.5, 35.43, 0, 90],
		[11, "LED1_1", 2949.06, 6046.91, "T", "SMD", "+5V", "", "R", 89.17, 39.37, 0, 270],
		[12, "LED1_2", 2890, 6046.91, "T", "SMD", "+5V", "", "R", 89.17, 39.37, 0, 270],
		[13, "LED1_3", 2830.94, 6046.91, "T", "SMD", "+5V", "", "R", 89.17, 39.37, 0, 270],
		[14, "LED1_4", 2830.94, 5873.09, "T", "SMD", "Q3_3", "", "R", 89.17, 39.37, 0, 270],
		[15, "LED1_5", 2890, 5873.09, "T", "SMD", "Q2_3", "", "R", 89.17, 39.37, 0, 270],
		[16, "LED1_6", 2949.06, 5873.09, "T", "SMD", "Q1_3", "", "R", 89.17, 39.37, 0, 270],
		[17, "LED2_1", 3599.06, 6046.91, "T", "SMD", "+5V", "", "R", 89.17, 39.37, 0, 270],
		[18, "LED2_2", 3540, 6046.91, "T", "SMD", "+5V", "", "R", 89.17, 39.37, 0, 270],
		[19, "LED2_3", 3480.94, 6046.91, "T", "SMD", "+5V", "", "R", 89.17, 39.37, 0, 270],
		[20, "LED2_4", 3480.94, 5873.09, "T", "SMD", "LED2_4", "", "R", 89.17, 39.37, 0, 270],
		[21, "LED2_5", 3540, 5873.09, "T", "SMD", "LED2_5", "", "R", 89.17, 39.37, 0, 270],
		[22, "LED2_6", 3599.06, 5873.09, "T", "SMD", "LED2_6", "", "R", 89.17, 39.37, 0, 270],
		[23, "LED3_1", 4295.06, 6046.91, "T", "SMD", "+5V", "", "R", 89.17, 39.37, 0, 270],
		[24, "LED3_2", 4236, 6046.91, "T", "SMD", "+5V", "", "R", 89.17, 39.37, 0, 270],
		[25, "LED3_3", 4176.94, 6046.91, "T", "SMD", "+5V", "", "R", 89.17, 39.37, 0, 270],
		[26, "LED3_4", 4176.94, 5873.09, "T", "SMD", "LED3_4", "", "R", 89.17, 39.37, 0, 270],
		[27, "LED3_5", 4236, 5873.09, "T", "SMD", "LED3_5", "", "R", 89.17, 39.37, 0, 270],
		[28, "LED3_6", 4295.06, 5873.09, "T", "SMD", "LED3_6", "", "R", 89.17, 39.37, 0, 270],
		[29, "P1_1", 3700, 5409.99, "T", "DIP", "LED3_G", "", "R", 67.2, 56, 33.4, 270],
		[30, "P1_1", 3700, 5409.99, "B", "DIP", "LED3_G", "", "R", 67.2, 56, 33.4, 270],
		[31, "P1_2", 3600, 5409.99, "T", "DIP", "LED3_R", "", "R", 67.2, 56, 33.4, 270],
		[32, "P1_2", 3600, 5409.99, "B", "DIP", "LED3_R", "", "R", 67.2, 56, 33.4, 270],
		[33, "P1_3", 3500, 5409.99, "T", "DIP", "LED3_B", "", "R", 67.2, 56, 33.4, 270],
		[34, "P1_3", 3500, 5409.99, "B", "DIP", "LED3_B", "", "R", 67.2, 56, 33.4, 270],
		[35, "P1_4", 3400, 5409.99, "T", "DIP", "DHT11_SDA", "", "R", 67.2, 56, 33.4, 270],
		[36, "P1_4", 3400, 5409.99, "B", "DIP", "DHT11_SDA", "", "R", 67.2, 56, 33.4, 270],
		[37, "P1_5", 3300, 5409.99, "T", "DIP", "P1_5", "", "R", 67.2, 56, 33.4, 270],
		[38, "P1_5", 3300, 5409.99, "B", "DIP", "P1_5", "", "R", 67.2, 56, 33.4, 270],
		[39, "P1_6", 3200, 5409.99, "T", "DIP", "P1_6", "", "R", 67.2, 56, 33.4, 270],
		[40, "P1_6", 3200, 5409.99, "B", "DIP", "P1_6", "", "R", 67.2, 56, 33.4, 270],
		[41, "P1_7", 3100, 5409.99, "T", "DIP", "GND", "GND", "R", 67.2, 56, 33.4, 270],
		[42, "P1_7", 3100, 5409.99, "B", "DIP", "GND", "GND", "R", 67.2, 56, 33.4, 270],
		[43, "P1_8", 3000, 5409.99, "T", "DIP", "P1_8", "", "R", 67.2, 56, 33.4, 270],
		[44, "P1_8", 3000, 5409.99, "B", "DIP", "P1_8", "", "R", 67.2, 56, 33.4, 270],
		[45, "P1_9", 2900, 5409.99, "T", "DIP", "P1_9", "", "R", 67.2, 56, 33.4, 270],
		[46, "P1_9", 2900, 5409.99, "B", "DIP", "P1_9", "", "R", 67.2, 56, 33.4, 270],
		[47, "P1_10", 2800, 5409.99, "T", "DIP", "P1_10", "", "R", 67.2, 56, 33.4, 270],
		[48, "P1_10", 2800, 5409.99, "B", "DIP", "P1_10", "", "R", 67.2, 56, 33.4, 270],
		[49, "P1_11", 4560, 5409.99, "T", "DIP", "TXD0", "", "R", 67.2, 56, 33.4, 270],
		[50, "P1_11", 4560, 5409.99, "B", "DIP", "TXD0", "", "R", 67.2, 56, 33.4, 270],
		[51, "P1_12", 4460, 5409.99, "T", "DIP", "RXD0", "", "R", 67.2, 56, 33.4, 270],
		[52, "P1_12", 4460, 5409.99, "B", "DIP", "RXD0", "", "R", 67.2, 56, 33.4, 270],
		[53, "P1_13", 4360, 5409.99, "T", "DIP", "LED1_G", "", "R", 67.2, 56, 33.4, 270],
		[54, "P1_13", 4360, 5409.99, "B", "DIP", "LED1_G", "", "R", 67.2, 56, 33.4, 270],
		[55, "P1_14", 4260, 5409.99, "T", "DIP", "LED1_R", "", "R", 67.2, 56, 33.4, 270],
		[56, "P1_14", 4260, 5409.99, "B", "DIP", "LED1_R", "", "R", 67.2, 56, 33.4, 270],
		[57, "P1_15", 4160, 5409.99, "T", "DIP", "LED1_B", "", "R", 67.2, 56, 33.4, 270],
		[58, "P1_15", 4160, 5409.99, "B", "DIP", "LED1_B", "", "R", 67.2, 56, 33.4, 270],
		[59, "P1_16", 4060, 5409.99, "T", "DIP", "LED2_G", "", "R", 67.2, 56, 33.4, 270],
		[60, "P1_16", 4060, 5409.99, "B", "DIP", "LED2_G", "", "R", 67.2, 56, 33.4, 270],
		[61, "P1_17", 3960, 5409.99, "T", "DIP", "LED2_R", "", "R", 67.2, 56, 33.4, 270],
		[62, "P1_17", 3960, 5409.99, "B", "DIP", "LED2_R", "", "R", 67.2, 56, 33.4, 270],
		[63, "P1_18", 3860, 5409.99, "T", "DIP", "LED2_B", "", "R", 67.2, 56, 33.4, 270],
		[64, "P1_18", 3860, 5409.99, "B", "DIP", "LED2_B", "", "R", 67.2, 56, 33.4, 270],
		[65, "P1_19", 4060, 3510, "T", "DIP", "P1_19", "", "R", 67.2, 56, 33.4, 90],
		[66, "P1_19", 4060, 3510, "B", "DIP", "P1_19", "", "R", 67.2, 56, 33.4, 90],
		[67, "P1_20", 4160, 3510, "T", "DIP", "P1_20", "", "R", 67.2, 56, 33.4, 90],
		[68, "P1_20", 4160, 3510, "B", "DIP", "P1_20", "", "R", 67.2, 56, 33.4, 90],
		[69, "P1_21", 4260, 3510, "T", "DIP", "P1_21", "", "R", 67.2, 56, 33.4, 90],
		[70, "P1_21", 4260, 3510, "B", "DIP", "P1_21", "", "R", 67.2, 56, 33.4, 90],
		[71, "P1_22", 4360, 3510, "T", "DIP", "P1_22", "", "R", 67.2, 56, 33.4, 90],
		[72, "P1_22", 4360, 3510, "B", "DIP", "P1_22", "", "R", 67.2, 56, 33.4, 90],
		[73, "P1_23", 4460, 3510, "T", "DIP", "P1_23", "", "R", 67.2, 56, 33.4, 90],
		[74, "P1_23", 4460, 3510, "B", "DIP", "P1_23", "", "R", 67.2, 56, 33.4, 90],
		[75, "P1_24", 4560, 3510, "T", "DIP", "P1_24", "", "R", 67.2, 56, 33.4, 90],
		[76, "P1_24", 4560, 3510, "B", "DIP", "P1_24", "", "R", 67.2, 56, 33.4, 90],
		[77, "P1_25", 3160, 3510, "T", "DIP", "P1_25", "", "R", 67.2, 56, 33.4, 90],
		[78, "P1_25", 3160, 3510, "B", "DIP", "P1_25", "", "R", 67.2, 56, 33.4, 90],
		[79, "P1_26", 3260, 3510, "T", "DIP", "P1_26", "", "R", 67.2, 56, 33.4, 90],
		[80, "P1_26", 3260, 3510, "B", "DIP", "P1_26", "", "R", 67.2, 56, 33.4, 90],
		[81, "P1_27", 3360, 3510, "T", "DIP", "P1_27", "", "R", 67.2, 56, 33.4, 90],
		[82, "P1_27", 3360, 3510, "B", "DIP", "P1_27", "", "R", 67.2, 56, 33.4, 90],
		[83, "P1_28", 3460, 3510, "T", "DIP", "P1_28", "", "R", 67.2, 56, 33.4, 90],
		[84, "P1_28", 3460, 3510, "B", "DIP", "P1_28", "", "R", 67.2, 56, 33.4, 90],
		[85, "P1_29", 3560, 3510, "T", "DIP", "+5V", "", "R", 67.2, 56, 33.4, 90],
		[86, "P1_29", 3560, 3510, "B", "DIP", "+5V", "", "R", 67.2, 56, 33.4, 90],
		[87, "P1_30", 3660, 3510, "T", "DIP", "GND", "GND", "R", 67.2, 56, 33.4, 90],
		[88, "P1_30", 3660, 3510, "B", "DIP", "GND", "GND", "R", 67.2, 56, 33.4, 90],
		[89, "P1_31", 3760, 3510, "T", "DIP", "GND", "GND", "R", 67.2, 56, 33.4, 90],
		[90, "P1_31", 3760, 3510, "B", "DIP", "GND", "GND", "R", 67.2, 56, 33.4, 90],
		[91, "P1_32", 3860, 3510, "T", "DIP", "VIN", "", "R", 67.2, 56, 33.4, 90],
		[92, "P1_32", 3860, 3510, "B", "DIP", "VIN", "", "R", 67.2, 56, 33.4, 90],
		[93, "P1_999", 2660, 5420, "T", "DIP", "P1_", "", "C", 120, 120, 120, 0],
		[94, "P1_999", 2660, 5420, "B", "DIP", "P1_", "", "C", 120, 120, 120, 0],
		[95, "P1_999", 2660, 3510, "T", "DIP", "P1_A_", "", "C", 120, 120, 120, 0],
		[96, "P1_999", 2660, 3510, "B", "DIP", "P1_A_", "", "C", 120, 120, 120, 0],
		[97, "P1_999", 4670, 4830, "T", "DIP", "P1_B_", "", "C", 120, 120, 120, 0],
		[98, "P1_999", 4670, 4830, "B", "DIP", "P1_B_", "", "C", 120, 120, 120, 0],
		[99, "P1_999", 4670, 3700, "T", "DIP", "P1_C_", "", "C", 120, 120, 120, 0],
		[100, "P1_999", 4670, 3700, "B", "DIP", "P1_C_", "", "C", 120, 120, 120, 0],
		[101, "P2_1", 2900, 5121.02, "T", "DIP", "GPIO42", "", "R", 62, 62, 35, 180],
		[102, "P2_1", 2900, 5121.02, "B", "DIP", "GPIO42", "", "R", 62, 62, 35, 180],
		[103, "P2_2", 2900, 5021.02, "T", "DIP", "GPIO41", "", "C", 62, 62, 35, 180],
		[104, "P2_2", 2900, 5021.02, "B", "DIP", "GPIO41", "", "C", 62, 62, 35, 180],
		[105, "P2_3", 2800, 5121.02, "T", "DIP", "TXD0", "", "C", 62, 62, 35, 180],
		[106, "P2_3", 2800, 5121.02, "B", "DIP", "TXD0", "", "C", 62, 62, 35, 180],
		[107, "P2_4", 2800, 5021.02, "T", "DIP", "DOWNLOAD", "", "C", 62, 62, 35, 180],
		[108, "P2_4", 2800, 5021.02, "B", "DIP", "DOWNLOAD", "", "C", 62, 62, 35, 180],
		[109, "P2_5", 2700, 5121.02, "T", "DIP", "RXD0", "", "C", 62, 62, 35, 180],
		[110, "P2_5", 2700, 5121.02, "B", "DIP", "RXD0", "", "C", 62, 62, 35, 180],
		[111, "P2_6", 2700, 5021.02, "T", "DIP", "GND", "GND", "C", 62, 62, 35, 180],
		[112, "P2_6", 2700, 5021.02, "B", "DIP", "GND", "GND", "C", 62, 62, 35, 180],
		[113, "P3_1", 2110, 5922, "T", "DIP", "GPIO42", "", "R", 62, 62, 35, 270],
		[114, "P3_1", 2110, 5922, "B", "DIP", "GPIO42", "", "R", 62, 62, 35, 270],
		[115, "P3_2", 2210, 5922, "T", "DIP", "GPIO41", "", "C", 62, 62, 35, 270],
		[116, "P3_2", 2210, 5922, "B", "DIP", "GPIO41", "", "C", 62, 62, 35, 270],
		[117, "P3_3", 2110, 5822, "T", "DIP", "TXD0", "", "C", 62, 62, 35, 270],
		[118, "P3_3", 2110, 5822, "B", "DIP", "TXD0", "", "C", 62, 62, 35, 270],
		[119, "P3_4", 2210, 5822, "T", "DIP", "DOWNLOAD", "", "C", 62, 62, 35, 270],
		[120, "P3_4", 2210, 5822, "B", "DIP", "DOWNLOAD", "", "C", 62, 62, 35, 270],
		[121, "P3_5", 2110, 5722, "T", "DIP", "RXD0", "", "C", 62, 62, 35, 270],
		[122, "P3_5", 2110, 5722, "B", "DIP", "RXD0", "", "C", 62, 62, 35, 270],
		[123, "P3_6", 2210, 5722, "T", "DIP", "GND", "GND", "C", 62, 62, 35, 270],
		[124, "P3_6", 2210, 5722, "B", "DIP", "GND", "GND", "C", 62, 62, 35, 270],
		[125, "Q1_1", 3012.6, 5671.26, "T", "SMD", "Q1_1", "", "R", 49.21, 27.56, 0, 270],
		[126, "Q1_2", 3087.4, 5671.26, "T", "SMD", "GND", "GND", "R", 49.21, 27.56, 0, 270],
		[127, "Q1_3", 3050, 5750, "T", "SMD", "Q1_3", "", "R", 49.21, 27.56, 0, 270],
		[128, "Q2_1", 2855.1, 5671.26, "T", "SMD", "Q2_1", "", "R", 49.21, 27.56, 0, 270],
		[129, "Q2_2", 2929.9, 5671.26, "T", "SMD", "GND", "GND", "R", 49.21, 27.56, 0, 270],
		[130, "Q2_3", 2892.5, 5750, "T", "SMD", "Q2_3", "", "R", 49.21, 27.56, 0, 270],
		[131, "Q3_1", 2697.6, 5671.26, "T", "SMD", "Q3_1", "", "R", 49.21, 27.56, 0, 270],
		[132, "Q3_2", 2772.4, 5671.26, "T", "SMD", "GND", "GND", "R", 49.21, 27.56, 0, 270],
		[133, "Q3_3", 2735, 5750, "T", "SMD", "Q3_3", "", "R", 49.21, 27.56, 0, 270],
		[134, "Q4_1", 3337.6, 5671.26, "T", "SMD", "Q4_1", "", "R", 49.21, 27.56, 0, 270],
		[135, "Q4_2", 3412.4, 5671.26, "T", "SMD", "GND", "GND", "R", 49.21, 27.56, 0, 270],
		[136, "Q4_3", 3375, 5750, "T", "SMD", "LED2_4", "", "R", 49.21, 27.56, 0, 270],
		[137, "Q5_1", 3502.6, 5670.63, "T", "SMD", "Q5_1", "", "R", 49.21, 27.56, 0, 270],
		[138, "Q5_2", 3577.4, 5670.63, "T", "SMD", "GND", "GND", "R", 49.21, 27.56, 0, 270],
		[139, "Q5_3", 3540, 5749.37, "T", "SMD", "LED2_5", "", "R", 49.21, 27.56, 0, 270],
		[140, "Q6_1", 3672.6, 5670.63, "T", "SMD", "Q6_1", "", "R", 49.21, 27.56, 0, 270],
		[141, "Q6_2", 3747.4, 5670.63, "T", "SMD", "GND", "GND", "R", 49.21, 27.56, 0, 270],
		[142, "Q6_3", 3710, 5749.37, "T", "SMD", "LED2_6", "", "R", 49.21, 27.56, 0, 270],
		[143, "Q7_1", 4037.6, 5670.63, "T", "SMD", "Q7_1", "", "R", 49.21, 27.56, 0, 270],
		[144, "Q7_2", 4112.4, 5670.63, "T", "SMD", "GND", "GND", "R", 49.21, 27.56, 0, 270],
		[145, "Q7_3", 4075, 5749.37, "T", "SMD", "LED3_4", "", "R", 49.21, 27.56, 0, 270],
		[146, "Q8_1", 4202.6, 5670.63, "T", "SMD", "Q8_1", "", "R", 49.21, 27.56, 0, 270],
		[147, "Q8_2", 4277.4, 5670.63, "T", "SMD", "GND", "GND", "R", 49.21, 27.56, 0, 270],
		[148, "Q8_3", 4240, 5749.37, "T", "SMD", "LED3_5", "", "R", 49.21, 27.56, 0, 270],
		[149, "Q9_1", 4372.6, 5670.63, "T", "SMD", "Q9_1", "", "R", 49.21, 27.56, 0, 270],
		[150, "Q9_2", 4447.4, 5670.63, "T", "SMD", "GND", "GND", "R", 49.21, 27.56, 0, 270],
		[151, "Q9_3", 4410, 5749.37, "T", "SMD", "LED3_6", "", "R", 49.21, 27.56, 0, 270],
		[152, "Q11_1", 2560, 3080.2, "T", "SMD", "GND", "GND", "R", 49.21, 27.56, 0, 0],
		[153, "Q11_2", 2560, 3155, "T", "SMD", "SW1_2", "", "R", 49.21, 27.56, 0, 0],
		[154, "Q11_3", 2481.26, 3117.6, "T", "SMD", "VBAT", "", "R", 49.21, 27.56, 0, 0],
		[155, "R1_1", 3020, 5600, "T", "SMD", "Q1_1", "", "R", 31.75, 34.02, 0, 0],
		[156, "R1_2", 3079.31, 5600, "T", "SMD", "LED1_G", "", "R", 31.75, 34.02, 0, 0],
		[157, "R2_1", 2860.34, 5600, "T", "SMD", "Q2_1", "", "R", 31.75, 34.02, 0, 0],
		[158, "R2_2", 2919.66, 5600, "T", "SMD", "LED1_R", "", "R", 31.75, 34.02, 0, 0],
		[159, "R3_1", 2705.34, 5600, "T", "SMD", "Q3_1", "", "R", 31.75, 34.02, 0, 0],
		[160, "R3_2", 2764.66, 5600, "T", "SMD", "LED1_B", "", "R", 31.75, 34.02, 0, 0],
		[161, "R4_1", 3680.34, 5600, "T", "SMD", "Q6_1", "", "R", 31.75, 34.02, 0, 0],
		[162, "R4_2", 3739.66, 5600, "T", "SMD", "LED2_G", "", "R", 31.75, 34.02, 0, 0],
		[163, "R5_1", 3510.34, 5600, "T", "SMD", "Q5_1", "", "R", 31.75, 34.02, 0, 0],
		[164, "R5_2", 3569.66, 5600, "T", "SMD", "LED2_R", "", "R", 31.75, 34.02, 0, 0],
		[165, "R6_1", 3345, 5600, "T", "SMD", "Q4_1", "", "R", 31.75, 34.02, 0, 0],
		[166, "R6_2", 3404.31, 5600, "T", "SMD", "LED2_B", "", "R", 31.75, 34.02, 0, 0],
		[167, "R7_1", 4380.34, 5600, "T", "SMD", "Q9_1", "", "R", 31.75, 34.02, 0, 0],
		[168, "R7_2", 4439.66, 5600, "T", "SMD", "LED3_G", "", "R", 31.75, 34.02, 0, 0],
		[169, "R8_1", 4211.84, 5600, "T", "SMD", "Q8_1", "", "R", 31.75, 34.02, 0, 0],
		[170, "R8_2", 4271.15, 5600, "T", "SMD", "LED3_R", "", "R", 31.75, 34.02, 0, 0],
		[171, "R9_1", 4043.34, 5600, "T", "SMD", "Q7_1", "", "R", 31.75, 34.02, 0, 0],
		[172, "R9_2", 4102.66, 5600, "T", "SMD", "LED3_B", "", "R", 31.75, 34.02, 0, 0],
		[173, "SW1_1", 2358.74, 3036.42, "T", "DIP", "SW1_1", "", "R", 60, 60, 39.37, 0],
		[174, "SW1_1", 2358.74, 3036.42, "B", "DIP", "SW1_1", "", "R", 60, 60, 39.37, 0],
		[175, "SW1_2", 2280, 3036.42, "T", "DIP", "SW1_2", "", "C", 60, 60, 39.37, 0],
		[176, "SW1_2", 2280, 3036.42, "B", "DIP", "SW1_2", "", "C", 60, 60, 39.37, 0],
		[177, "SW1_3", 2201.26, 3036.42, "T", "DIP", "VIN", "", "C", 60, 60, 39.37, 0],
		[178, "SW1_3", 2201.26, 3036.42, "B", "DIP", "VIN", "", "C", 60, 60, 39.37, 0],
		[179, "SW1_4", 2358.74, 3213.58, "T", "DIP", "SW1_4", "", "C", 60, 60, 39.37, 0],
		[180, "SW1_4", 2358.74, 3213.58, "B", "DIP", "SW1_4", "", "C", 60, 60, 39.37, 0],
		[181, "SW1_5", 2280, 3213.58, "T", "DIP", "SW1_5", "", "C", 60, 60, 39.37, 0],
		[182, "SW1_5", 2280, 3213.58, "B", "DIP", "SW1_5", "", "C", 60, 60, 39.37, 0],
		[183, "SW1_6", 2201.26, 3213.58, "T", "DIP", "SW1_6", "", "C", 60, 60, 39.37, 0],
		[184, "SW1_6", 2201.26, 3213.58, "B", "DIP", "SW1_6", "", "C", 60, 60, 39.37, 0],
		[185, "U1_1", 2411, 5677, "T", "DIP", "+5V", "", "R", 51, 51, 28, 270],
		[186, "U1_1", 2411, 5677, "B", "DIP", "+5V", "", "R", 51, 51, 28, 270],
		[187, "U1_2", 2411, 5777, "T", "DIP", "DHT11_SDA", "", "C", 51, 51, 28, 270],
		[188, "U1_2", 2411, 5777, "B", "DIP", "DHT11_SDA", "", "C", 51, 51, 28, 270],
		[189, "U1_3", 2411, 5877, "T", "DIP", "U1_3", "", "C", 51, 51, 28, 270],
		[190, "U1_3", 2411, 5877, "B", "DIP", "U1_3", "", "C", 51, 51, 28, 270],
		[191, "U1_4", 2411, 5977, "T", "DIP", "GND", "GND", "C", 51, 51, 28, 270],
		[192, "U1_4", 2411, 5977, "B", "DIP", "GND", "GND", "C", 51, 51, 28, 270],
		[193, "U2_1", 3493.07, 3220.55, "T", "SMD", "GND", "GND", "R", 98.42, 43.31, 0, 180],
		[194, "U2_2", 3493.07, 3130, "T", "SMD", "+5V", "", "R", 98.42, 43.31, 0, 180],
		[195, "U2_3", 3493.07, 3039.45, "T", "SMD", "VBAT", "", "R", 98.42, 43.31, 0, 180],
		[196, "U2_4", 3726.93, 3130, "T", "SMD", "+5V", "", "R", 92.13, 141.73, 0, 180]
	]
}
}